test_n,target_model,%cpu,%mem,time
1,cnn1d_cpu,0.0,8832,00:00
1,cnn1d_cpu,127,437876,00:01
1,cnn1d_cpu,127,599268,00:02
1,cnn1d_cpu,100,649572,00:03
1,cnn1d_cpu,75.0,649572,00:04
1,cnn1d_cpu,60.0,649572,00:05
1,cnn1d_cpu,50.0,649572,00:06
1,cnn1d_cpu,42.8,649572,00:07
1,cnn1d_cpu,37.5,649572,00:08
1,cnn1d_cpu,33.3,649572,00:09
1,cnn1d_cpu,30.0,649572,00:10
1,cnn1d_cpu,27.2,649572,00:11
1,cnn1d_cpu,25.0,649572,00:12
1,cnn1d_cpu,28.0,672468,00:13
1,cnn1d_cpu,33.3,673760,00:14
1,cnn1d_cpu,38.0,674272,00:15
1,cnn1d_cpu,42.0,674716,00:16
1,cnn1d_cpu,45.6,675200,00:17
1,cnn1d_cpu,48.7,675668,00:18
1,cnn1d_cpu,51.6,676544,00:19
1,cnn1d_cpu,54.1,676876,00:20
1,cnn1d_cpu,56.4,677512,00:21
1,cnn1d_cpu,58.5,677828,00:22
1,cnn1d_cpu,60.4,678400,00:23
1,cnn1d_cpu,62.2,678824,00:24
1,cnn1d_cpu,63.8,679144,00:25
1,cnn1d_cpu,65.2,679772,00:26
1,cnn1d_cpu,66.6,680364,00:27
1,cnn1d_cpu,67.9,680728,00:28
1,cnn1d_cpu,69.1,681336,00:29
1,cnn1d_cpu,70.2,681648,00:30
1,cnn1d_cpu,71.2,682344,00:31
1,cnn1d_cpu,72.2,682716,00:32
1,cnn1d_cpu,73.1,683368,00:33
1,cnn1d_cpu,74.0,683720,00:34
1,cnn1d_cpu,74.8,684312,00:35
1,cnn1d_cpu,75.5,684540,00:36
1,lstm_cpu,0.0,9088,00:00
1,lstm_cpu,128,437872,00:01
1,lstm_cpu,129,602456,00:02
1,lstm_cpu,100,649816,00:03
1,lstm_cpu,75.0,649816,00:04
1,lstm_cpu,60.0,649816,00:05
1,lstm_cpu,50.0,649816,00:06
1,lstm_cpu,42.8,649816,00:07
1,lstm_cpu,37.5,649816,00:08
1,lstm_cpu,33.3,649816,00:09
1,lstm_cpu,30.0,649816,00:10
1,lstm_cpu,27.2,649816,00:11
1,lstm_cpu,25.0,649816,00:12
1,lstm_cpu,28.4,671292,00:13
1,lstm_cpu,33.6,672084,00:14
1,lstm_cpu,38.2,672680,00:15
1,lstm_cpu,42.3,673316,00:16
1,lstm_cpu,45.8,673540,00:17
1,lstm_cpu,49.1,674324,00:18
1,lstm_cpu,51.9,674652,00:19
1,lstm_cpu,54.4,675404,00:20
1,lstm_cpu,56.7,675804,00:21
1,lstm_cpu,58.8,676588,00:22
1,lstm_cpu,60.7,676640,00:23
1,lstm_cpu,62.5,677316,00:24
1,lstm_cpu,64.1,677996,00:25
1,lstm_cpu,65.6,678292,00:26
1,lstm_cpu,67.0,678812,00:27
1,lstm_cpu,68.2,679244,00:28
1,lstm_cpu,69.4,679788,00:29
1,lstm_cpu,70.5,680232,00:30
1,lstm_cpu,71.6,680572,00:31
1,lstm_cpu,72.5,681132,00:32
1,lstm_cpu,73.5,681464,00:33
1,lstm_cpu,74.3,682092,00:34
1,lstm_cpu,75.1,682572,00:35
1,lstm_cpu,75.9,682820,00:36
1,sarima,0.0,9216,00:00
1,sarima,128,437680,00:01
1,sarima,129,602020,00:02
1,sarima,100,649508,00:03
1,sarima,75.0,649508,00:04
1,sarima,60.0,649508,00:05
1,sarima,50.0,649508,00:06
1,sarima,42.8,649508,00:07
1,sarima,37.5,649508,00:08
1,sarima,33.2,649508,00:09
1,sarima,29.9,649508,00:10
1,sarima,27.2,649508,00:11
1,sarima,24.9,649508,00:12
1,sarima,28.2,1635364,00:13
1,sarima,37.3,675244,00:14
1,sarima,61.3,675372,00:15
1,sarima,82.4,675500,00:16
1,sarima,100,675500,00:17
1,sarima,117,675500,00:18
1,sarima,132,675500,00:19
2,cnn1d_cpu,0.0,5120,00:00
2,cnn1d_cpu,119,423264,00:01
2,cnn1d_cpu,102,554200,00:02
2,cnn1d_cpu,103,650200,00:03
2,cnn1d_cpu,77.7,650200,00:04
2,cnn1d_cpu,62.1,650200,00:05
2,cnn1d_cpu,51.8,650200,00:06
2,cnn1d_cpu,44.4,650200,00:07
2,cnn1d_cpu,38.8,650200,00:08
2,cnn1d_cpu,34.5,650200,00:09
2,cnn1d_cpu,31.0,650200,00:10
2,cnn1d_cpu,28.2,650200,00:11
2,cnn1d_cpu,25.9,650200,00:12
2,cnn1d_cpu,25.8,671960,00:13
2,cnn1d_cpu,31.3,673820,00:14
2,cnn1d_cpu,36.0,674172,00:15
2,cnn1d_cpu,40.2,675008,00:16
2,cnn1d_cpu,43.8,675468,00:17
2,cnn1d_cpu,47.1,676036,00:18
2,cnn1d_cpu,50.0,676600,00:19
2,cnn1d_cpu,52.6,677060,00:20
2,cnn1d_cpu,54.9,677596,00:21
2,cnn1d_cpu,57.1,678012,00:22
2,cnn1d_cpu,59.1,678316,00:23
2,cnn1d_cpu,60.9,679104,00:24
2,cnn1d_cpu,62.5,679504,00:25
2,cnn1d_cpu,64.1,680116,00:26
2,cnn1d_cpu,65.5,680544,00:27
2,cnn1d_cpu,66.8,680948,00:28
2,cnn1d_cpu,68.0,681432,00:29
2,cnn1d_cpu,69.2,681824,00:30
2,cnn1d_cpu,70.3,682672,00:31
2,cnn1d_cpu,71.2,682768,00:32
2,cnn1d_cpu,72.2,683616,00:33
2,cnn1d_cpu,73.1,683724,00:34
2,cnn1d_cpu,73.9,684096,00:35
2,cnn1d_cpu,74.7,684800,00:36
2,cnn1d_cpu,75.4,685032,00:37
2,lstm_cpu,0.0,9088,00:00
2,lstm_cpu,127,437860,00:01
2,lstm_cpu,129,601056,00:02
2,lstm_cpu,100,649824,00:03
2,lstm_cpu,75.3,649824,00:04
2,lstm_cpu,60.3,649824,00:05
2,lstm_cpu,50.2,649824,00:06
2,lstm_cpu,43.0,649824,00:07
2,lstm_cpu,37.7,649824,00:08
2,lstm_cpu,33.5,649824,00:09
2,lstm_cpu,30.1,649824,00:10
2,lstm_cpu,27.4,649824,00:11
2,lstm_cpu,25.1,649824,00:12
2,lstm_cpu,28.4,670672,00:13
2,lstm_cpu,33.7,672048,00:14
2,lstm_cpu,38.3,672420,00:15
2,lstm_cpu,42.3,673184,00:16
2,lstm_cpu,45.9,673632,00:17
2,lstm_cpu,49.0,674096,00:18
2,lstm_cpu,51.8,674392,00:19
2,lstm_cpu,54.4,675016,00:20
2,lstm_cpu,56.7,675404,00:21
2,lstm_cpu,58.7,676080,00:22
2,lstm_cpu,60.7,676548,00:23
2,lstm_cpu,62.4,676960,00:24
2,lstm_cpu,64.0,677712,00:25
2,lstm_cpu,65.5,678176,00:26
2,lstm_cpu,66.9,678524,00:27
2,lstm_cpu,68.1,678916,00:28
2,lstm_cpu,69.2,679448,00:29
2,lstm_cpu,70.4,680160,00:30
2,lstm_cpu,71.4,680388,00:31
2,lstm_cpu,72.4,680828,00:32
2,lstm_cpu,73.3,681428,00:33
2,lstm_cpu,74.2,681836,00:34
2,lstm_cpu,74.9,682272,00:35
2,lstm_cpu,75.7,682932,00:36
2,lstm_cpu,76.4,0,00:37
2,sarima,0.0,8832,00:00
2,sarima,126,443464,00:01
2,sarima,128,603072,00:02
2,sarima,99.6,650304,00:03
2,sarima,74.8,650304,00:04
2,sarima,60.0,650304,00:05
2,sarima,49.9,650304,00:06
2,sarima,42.7,650304,00:07
2,sarima,37.4,650304,00:08
2,sarima,33.2,650304,00:09
2,sarima,29.9,650304,00:10
2,sarima,27.2,650304,00:11
2,sarima,24.9,650304,00:12
2,sarima,28.1,1560768,00:13
2,sarima,37.0,676140,00:14
2,sarima,60.9,676268,00:15
2,sarima,81.8,676396,00:16
2,sarima,100,676396,00:17
2,sarima,117,676396,00:18
2,sarima,131,676396,00:19
3,cnn1d_cpu,0.0,0,00:00
3,cnn1d_cpu,122,432216,00:01
3,cnn1d_cpu,116,576720,00:02
3,cnn1d_cpu,99.6,650192,00:03
3,cnn1d_cpu,75.0,650192,00:04
3,cnn1d_cpu,59.9,650192,00:05
3,cnn1d_cpu,50.0,650192,00:06
3,cnn1d_cpu,42.8,650192,00:07
3,cnn1d_cpu,37.5,650192,00:08
3,cnn1d_cpu,33.3,650192,00:09
3,cnn1d_cpu,30.0,650192,00:10
3,cnn1d_cpu,27.2,650192,00:11
3,cnn1d_cpu,25.0,650192,00:12
3,cnn1d_cpu,27.1,672720,00:13
3,cnn1d_cpu,32.5,673668,00:14
3,cnn1d_cpu,37.1,674380,00:15
3,cnn1d_cpu,41.2,674840,00:16
3,cnn1d_cpu,44.8,675348,00:17
3,cnn1d_cpu,48.1,675716,00:18
3,cnn1d_cpu,50.9,676592,00:19
3,cnn1d_cpu,53.4,676984,00:20
3,cnn1d_cpu,55.8,677496,00:21
3,cnn1d_cpu,57.9,677792,00:22
3,cnn1d_cpu,59.8,678392,00:23
3,cnn1d_cpu,61.6,678916,00:24
3,cnn1d_cpu,63.2,679460,00:25
3,cnn1d_cpu,64.7,679924,00:26
3,cnn1d_cpu,66.1,680460,00:27
3,cnn1d_cpu,67.4,681044,00:28
3,cnn1d_cpu,68.6,681168,00:29
3,cnn1d_cpu,69.7,681956,00:30
3,cnn1d_cpu,70.8,682152,00:31
3,cnn1d_cpu,71.7,682788,00:32
3,cnn1d_cpu,72.7,683396,00:33
3,cnn1d_cpu,73.5,683644,00:34
3,cnn1d_cpu,74.3,684220,00:35
3,cnn1d_cpu,75.1,684592,00:36
3,lstm_cpu,0.0,9088,00:00
3,lstm_cpu,127,443104,00:01
3,lstm_cpu,129,603872,00:02
3,lstm_cpu,99.0,649824,00:03
3,lstm_cpu,74.3,649824,00:04
3,lstm_cpu,59.6,649824,00:05
3,lstm_cpu,49.5,649824,00:06
3,lstm_cpu,42.5,649824,00:07
3,lstm_cpu,37.2,649824,00:08
3,lstm_cpu,33.0,649824,00:09
3,lstm_cpu,29.7,649824,00:10
3,lstm_cpu,27.0,649824,00:11
3,lstm_cpu,24.8,649824,00:12
3,lstm_cpu,28.3,670916,00:13
3,lstm_cpu,33.7,672048,00:14
3,lstm_cpu,38.2,672624,00:15
3,lstm_cpu,42.3,673148,00:16
3,lstm_cpu,45.8,673752,00:17
3,lstm_cpu,48.9,674368,00:18
3,lstm_cpu,51.8,674836,00:19
3,lstm_cpu,54.3,675180,00:20
3,lstm_cpu,56.7,675760,00:21
3,lstm_cpu,58.8,676400,00:22
3,lstm_cpu,60.7,676668,00:23
3,lstm_cpu,62.4,677180,00:24
3,lstm_cpu,64.0,677876,00:25
3,lstm_cpu,65.5,678020,00:26
3,lstm_cpu,66.9,678656,00:27
3,lstm_cpu,68.1,679128,00:28
3,lstm_cpu,69.2,679624,00:29
3,lstm_cpu,70.4,679996,00:30
3,lstm_cpu,71.4,680632,00:31
3,lstm_cpu,72.4,681244,00:32
3,lstm_cpu,73.3,681756,00:33
3,lstm_cpu,74.2,681980,00:34
3,lstm_cpu,75.0,682432,00:35
3,lstm_cpu,75.8,682900,00:36
3,sarima,0.0,8704,00:00
3,sarima,128,441964,00:01
3,sarima,129,602980,00:02
3,sarima,99.6,649700,00:03
3,sarima,74.5,649700,00:04
3,sarima,59.8,649700,00:05
3,sarima,49.8,649700,00:06
3,sarima,42.7,649700,00:07
3,sarima,37.3,649700,00:08
3,sarima,33.1,649700,00:09
3,sarima,29.8,649700,00:10
3,sarima,27.1,649700,00:11
3,sarima,24.8,649700,00:12
3,sarima,28.3,1783396,00:13
3,sarima,42.4,675832,00:14
3,sarima,66.3,675960,00:15
3,sarima,87.0,675960,00:16
3,sarima,105,676088,00:17
3,sarima,121,676088,00:18
3,sarima,132,676088,00:19
4,cnn1d_cpu,0.0,9088,00:00
4,cnn1d_cpu,128,437736,00:01
4,cnn1d_cpu,128,601052,00:02
4,cnn1d_cpu,100,649564,00:03
4,cnn1d_cpu,75.7,649564,00:04
4,cnn1d_cpu,60.5,649564,00:05
4,cnn1d_cpu,50.4,649564,00:06
4,cnn1d_cpu,43.2,649564,00:07
4,cnn1d_cpu,37.8,649564,00:08
4,cnn1d_cpu,33.6,649564,00:09
4,cnn1d_cpu,30.2,649564,00:10
4,cnn1d_cpu,27.5,649564,00:11
4,cnn1d_cpu,25.2,649564,00:12
4,cnn1d_cpu,28.3,672336,00:13
4,cnn1d_cpu,33.7,673652,00:14
4,cnn1d_cpu,38.3,674052,00:15
4,cnn1d_cpu,42.3,674580,00:16
4,cnn1d_cpu,45.8,675060,00:17
4,cnn1d_cpu,48.9,675632,00:18
4,cnn1d_cpu,51.8,675976,00:19
4,cnn1d_cpu,54.3,676660,00:20
4,cnn1d_cpu,56.6,677068,00:21
4,cnn1d_cpu,58.6,677764,00:22
4,cnn1d_cpu,60.6,678288,00:23
4,cnn1d_cpu,62.3,678608,00:24
4,cnn1d_cpu,63.9,679040,00:25
4,cnn1d_cpu,65.3,679708,00:26
4,cnn1d_cpu,66.7,680176,00:27
4,cnn1d_cpu,68.0,680500,00:28
4,cnn1d_cpu,69.1,681136,00:29
4,cnn1d_cpu,70.2,681512,00:30
4,cnn1d_cpu,71.3,681996,00:31
4,cnn1d_cpu,72.3,682608,00:32
4,cnn1d_cpu,73.2,683084,00:33
4,cnn1d_cpu,74.0,683512,00:34
4,cnn1d_cpu,74.8,683832,00:35
4,cnn1d_cpu,75.6,684336,00:36
4,lstm_cpu,0.0,8832,00:00
4,lstm_cpu,128,437852,00:01
4,lstm_cpu,128,598492,00:02
4,lstm_cpu,100,650460,00:03
4,lstm_cpu,75.7,650460,00:04
4,lstm_cpu,60.5,650460,00:05
4,lstm_cpu,50.4,650460,00:06
4,lstm_cpu,43.2,650460,00:07
4,lstm_cpu,37.8,650460,00:08
4,lstm_cpu,33.6,650460,00:09
4,lstm_cpu,30.2,650460,00:10
4,lstm_cpu,27.5,650460,00:11
4,lstm_cpu,25.2,650460,00:12
4,lstm_cpu,28.3,671300,00:13
4,lstm_cpu,33.4,672616,00:14
4,lstm_cpu,38.1,673296,00:15
4,lstm_cpu,42.1,673800,00:16
4,lstm_cpu,45.8,674280,00:17
4,lstm_cpu,48.9,674720,00:18
4,lstm_cpu,51.7,675468,00:19
4,lstm_cpu,54.3,675848,00:20
4,lstm_cpu,56.6,676212,00:21
4,lstm_cpu,58.7,676764,00:22
4,lstm_cpu,60.6,677172,00:23
4,lstm_cpu,62.3,677556,00:24
4,lstm_cpu,64.0,678060,00:25
4,lstm_cpu,65.5,678772,00:26
4,lstm_cpu,66.8,679196,00:27
4,lstm_cpu,68.1,679396,00:28
4,lstm_cpu,69.3,679800,00:29
4,lstm_cpu,70.5,680156,00:30
4,lstm_cpu,71.5,680236,00:31
4,lstm_cpu,72.5,681468,00:32
4,lstm_cpu,73.4,682208,00:33
4,lstm_cpu,74.2,682480,00:34
4,lstm_cpu,75.1,682720,00:35
4,lstm_cpu,75.8,683404,00:36
4,lstm_cpu,76.5,683772,00:37
4,sarima,0.0,9088,00:00
4,sarima,128,438368,00:01
4,sarima,129,601536,00:02
4,sarima,100,649408,00:03
4,sarima,75.2,649408,00:04
4,sarima,60.1,649408,00:05
4,sarima,50.1,649408,00:06
4,sarima,42.9,649408,00:07
4,sarima,37.6,649408,00:08
4,sarima,33.4,649408,00:09
4,sarima,30.0,649408,00:10
4,sarima,27.3,649408,00:11
4,sarima,25.0,649408,00:12
4,sarima,28.1,1647424,00:13
4,sarima,40.5,675836,00:14
4,sarima,64.4,675964,00:15
4,sarima,85.3,675964,00:16
4,sarima,103,676092,00:17
4,sarima,119,676092,00:18
4,sarima,132,676092,00:19
5,cnn1d_cpu,0.0,7552,00:00
5,cnn1d_cpu,120,424812,00:01
5,cnn1d_cpu,105,557408,00:02
5,cnn1d_cpu,103,650336,00:03
5,cnn1d_cpu,77.4,650336,00:04
5,cnn1d_cpu,61.9,650336,00:05
5,cnn1d_cpu,51.6,650336,00:06
5,cnn1d_cpu,44.2,650336,00:07
5,cnn1d_cpu,38.7,650336,00:08
5,cnn1d_cpu,34.4,650336,00:09
5,cnn1d_cpu,30.9,650336,00:10
5,cnn1d_cpu,28.1,650336,00:11
5,cnn1d_cpu,25.8,650336,00:12
5,cnn1d_cpu,26.4,672224,00:13
5,cnn1d_cpu,31.7,673832,00:14
5,cnn1d_cpu,36.4,674132,00:15
5,cnn1d_cpu,40.5,674808,00:16
5,cnn1d_cpu,44.2,675288,00:17
5,cnn1d_cpu,47.4,675940,00:18
5,cnn1d_cpu,50.3,676492,00:19
5,cnn1d_cpu,52.9,677004,00:20
5,cnn1d_cpu,55.2,677416,00:21
5,cnn1d_cpu,57.4,677936,00:22
5,cnn1d_cpu,59.3,678384,00:23
5,cnn1d_cpu,61.1,679080,00:24
5,cnn1d_cpu,62.8,679616,00:25
5,cnn1d_cpu,64.3,679932,00:26
5,cnn1d_cpu,65.7,680416,00:27
5,cnn1d_cpu,67.0,681100,00:28
5,cnn1d_cpu,68.2,681472,00:29
5,cnn1d_cpu,69.4,681772,00:30
5,cnn1d_cpu,70.4,682452,00:31
5,cnn1d_cpu,71.4,682856,00:32
5,cnn1d_cpu,72.3,683324,00:33
5,cnn1d_cpu,73.2,683936,00:34
5,cnn1d_cpu,74.0,684384,00:35
5,cnn1d_cpu,74.8,684912,00:36
5,lstm_cpu,0.0,8832,00:00
5,lstm_cpu,127,438888,00:01
5,lstm_cpu,129,602088,00:02
5,lstm_cpu,99.6,649448,00:03
5,lstm_cpu,74.8,649448,00:04
5,lstm_cpu,60.0,649448,00:05
5,lstm_cpu,49.9,649448,00:06
5,lstm_cpu,42.7,649448,00:07
5,lstm_cpu,37.4,649448,00:08
5,lstm_cpu,33.2,649448,00:09
5,lstm_cpu,29.9,649448,00:10
5,lstm_cpu,27.2,649448,00:11
5,lstm_cpu,24.9,649448,00:12
5,lstm_cpu,28.3,670688,00:13
5,lstm_cpu,33.6,671444,00:14
5,lstm_cpu,38.2,671952,00:15
5,lstm_cpu,42.3,672504,00:16
5,lstm_cpu,45.8,673044,00:17
5,lstm_cpu,49.0,673704,00:18
5,lstm_cpu,51.8,674316,00:19
5,lstm_cpu,54.4,674708,00:20
5,lstm_cpu,56.7,675136,00:21
5,lstm_cpu,58.7,675680,00:22
5,lstm_cpu,60.7,676152,00:23
5,lstm_cpu,62.4,676536,00:24
5,lstm_cpu,64.1,677268,00:25
5,lstm_cpu,65.6,677648,00:26
5,lstm_cpu,66.9,678092,00:27
5,lstm_cpu,68.2,678588,00:28
5,lstm_cpu,69.3,679084,00:29
5,lstm_cpu,70.5,679328,00:30
5,lstm_cpu,71.5,680016,00:31
5,lstm_cpu,72.5,680260,00:32
5,lstm_cpu,73.4,680964,00:33
5,lstm_cpu,74.3,681424,00:34
5,lstm_cpu,75.1,681380,00:35
5,lstm_cpu,75.8,681648,00:36
5,lstm_cpu,76.5,682500,00:37
5,sarima,0.0,8832,00:00
5,sarima,128,438888,00:01
5,sarima,128,601824,00:02
5,sarima,100,649696,00:03
5,sarima,75.2,649696,00:04
5,sarima,60.1,649696,00:05
5,sarima,50.1,649696,00:06
5,sarima,42.9,649696,00:07
5,sarima,37.5,649696,00:08
5,sarima,33.4,649696,00:09
5,sarima,30.0,649696,00:10
5,sarima,27.3,649696,00:11
5,sarima,25.0,649696,00:12
5,sarima,28.2,1751648,00:13
5,sarima,41.9,675576,00:14
5,sarima,65.7,675704,00:15
5,sarima,86.5,675704,00:16
5,sarima,104,675832,00:17
5,sarima,121,675832,00:18
5,sarima,133,675832,00:19
6,cnn1d_cpu,0.0,512,00:00
6,cnn1d_cpu,122,437852,00:01
6,cnn1d_cpu,111,573904,00:02
6,cnn1d_cpu,99.6,649680,00:03
6,cnn1d_cpu,75.0,649680,00:04
6,cnn1d_cpu,59.9,649680,00:05
6,cnn1d_cpu,50.0,649680,00:06
6,cnn1d_cpu,42.8,649680,00:07
6,cnn1d_cpu,37.5,649680,00:08
6,cnn1d_cpu,33.3,649680,00:09
6,cnn1d_cpu,30.0,649680,00:10
6,cnn1d_cpu,27.3,649680,00:11
6,cnn1d_cpu,25.0,649680,00:12
6,cnn1d_cpu,27.0,672072,00:13
6,cnn1d_cpu,32.4,673128,00:14
6,cnn1d_cpu,36.9,674048,00:15
6,cnn1d_cpu,40.9,674416,00:16
6,cnn1d_cpu,44.6,674908,00:17
6,cnn1d_cpu,47.7,675432,00:18
6,cnn1d_cpu,50.6,675992,00:19
6,cnn1d_cpu,53.2,676360,00:20
6,cnn1d_cpu,55.5,676876,00:21
6,cnn1d_cpu,57.6,677328,00:22
6,cnn1d_cpu,59.6,677944,00:23
6,cnn1d_cpu,61.3,678388,00:24
6,cnn1d_cpu,63.0,678704,00:25
6,cnn1d_cpu,64.4,679328,00:26
6,cnn1d_cpu,65.8,679712,00:27
6,cnn1d_cpu,67.2,680384,00:28
6,cnn1d_cpu,68.4,680856,00:29
6,cnn1d_cpu,69.5,681380,00:30
6,cnn1d_cpu,70.6,681892,00:31
6,cnn1d_cpu,71.5,682184,00:32
6,cnn1d_cpu,72.5,682856,00:33
6,cnn1d_cpu,73.4,683352,00:34
6,cnn1d_cpu,74.2,683672,00:35
6,cnn1d_cpu,75.0,684184,00:36
6,lstm_cpu,0.0,8832,00:00
6,lstm_cpu,128,441432,00:01
6,lstm_cpu,129,601804,00:02
6,lstm_cpu,100,649420,00:03
6,lstm_cpu,75.0,649420,00:04
6,lstm_cpu,60.0,649420,00:05
6,lstm_cpu,49.9,649420,00:06
6,lstm_cpu,42.7,649420,00:07
6,lstm_cpu,37.4,649420,00:08
6,lstm_cpu,33.2,649420,00:09
6,lstm_cpu,29.9,649420,00:10
6,lstm_cpu,27.2,649420,00:11
6,lstm_cpu,24.9,649420,00:12
6,lstm_cpu,28.3,670508,00:13
6,lstm_cpu,33.7,671768,00:14
6,lstm_cpu,38.2,672240,00:15
6,lstm_cpu,42.3,672860,00:16
6,lstm_cpu,45.8,673584,00:17
6,lstm_cpu,48.9,673864,00:18
6,lstm_cpu,51.7,674328,00:19
6,lstm_cpu,54.3,674756,00:20
6,lstm_cpu,56.6,675372,00:21
6,lstm_cpu,58.6,675668,00:22
6,lstm_cpu,60.6,676376,00:23
6,lstm_cpu,62.3,676896,00:24
6,lstm_cpu,63.9,677608,00:25
6,lstm_cpu,65.4,677708,00:26
6,lstm_cpu,66.8,678108,00:27
6,lstm_cpu,68.0,678712,00:28
6,lstm_cpu,69.2,679132,00:29
6,lstm_cpu,70.4,679736,00:30
6,lstm_cpu,71.4,680148,00:31
6,lstm_cpu,72.4,680548,00:32
6,lstm_cpu,73.3,681184,00:33
6,lstm_cpu,74.2,681544,00:34
6,lstm_cpu,75.0,682200,00:35
6,lstm_cpu,75.8,682460,00:36
6,lstm_cpu,76.5,682688,00:37
6,sarima,0.0,9088,00:00
6,sarima,128,437864,00:01
6,sarima,128,601436,00:02
6,sarima,100,649564,00:03
6,sarima,75.4,649564,00:04
6,sarima,60.3,649564,00:05
6,sarima,50.3,649564,00:06
6,sarima,43.1,649564,00:07
6,sarima,37.7,649564,00:08
6,sarima,33.5,649564,00:09
6,sarima,30.1,649564,00:10
6,sarima,27.4,649564,00:11
6,sarima,25.1,649564,00:12
6,sarima,28.0,1648860,00:13
6,sarima,41.5,675696,00:14
6,sarima,65.3,675824,00:15
6,sarima,86.2,675952,00:16
6,sarima,104,675952,00:17
6,sarima,121,675952,00:18
6,sarima,135,675952,00:19
7,cnn1d_cpu,0.0,9088,00:00
7,cnn1d_cpu,128,437856,00:01
7,cnn1d_cpu,129,602840,00:02
7,cnn1d_cpu,100,650328,00:03
7,cnn1d_cpu,74.8,650328,00:04
7,cnn1d_cpu,60.0,650328,00:05
7,cnn1d_cpu,49.9,650328,00:06
7,cnn1d_cpu,42.7,650328,00:07
7,cnn1d_cpu,37.4,650328,00:08
7,cnn1d_cpu,33.2,650328,00:09
7,cnn1d_cpu,29.9,650328,00:10
7,cnn1d_cpu,27.2,650328,00:11
7,cnn1d_cpu,24.9,650328,00:12
7,cnn1d_cpu,28.3,673216,00:13
7,cnn1d_cpu,33.6,674140,00:14
7,cnn1d_cpu,38.2,674540,00:15
7,cnn1d_cpu,42.2,675204,00:16
7,cnn1d_cpu,45.7,675960,00:17
7,cnn1d_cpu,48.9,676156,00:18
7,cnn1d_cpu,51.7,676740,00:19
7,cnn1d_cpu,54.2,677276,00:20
7,cnn1d_cpu,56.5,677760,00:21
7,cnn1d_cpu,58.6,678468,00:22
7,cnn1d_cpu,60.5,678780,00:23
7,cnn1d_cpu,62.2,679388,00:24
7,cnn1d_cpu,63.8,679632,00:25
7,cnn1d_cpu,65.3,680260,00:26
7,cnn1d_cpu,66.7,680748,00:27
7,cnn1d_cpu,68.0,681240,00:28
7,cnn1d_cpu,69.1,681708,00:29
7,cnn1d_cpu,70.2,682180,00:30
7,cnn1d_cpu,71.2,682756,00:31
7,cnn1d_cpu,72.2,683168,00:32
7,cnn1d_cpu,73.1,683768,00:33
7,cnn1d_cpu,74.0,684288,00:34
7,cnn1d_cpu,74.8,684456,00:35
7,cnn1d_cpu,75.5,684988,00:36
7,lstm_cpu,0.0,9088,00:00
7,lstm_cpu,127,439392,00:01
7,lstm_cpu,129,601296,00:02
7,lstm_cpu,100,649552,00:03
7,lstm_cpu,75.5,649552,00:04
7,lstm_cpu,60.5,649552,00:05
7,lstm_cpu,50.4,649552,00:06
7,lstm_cpu,43.2,649552,00:07
7,lstm_cpu,37.8,649552,00:08
7,lstm_cpu,33.6,649552,00:09
7,lstm_cpu,30.2,649552,00:10
7,lstm_cpu,27.5,649552,00:11
7,lstm_cpu,25.2,649552,00:12
7,lstm_cpu,28.3,670524,00:13
7,lstm_cpu,33.7,671704,00:14
7,lstm_cpu,38.3,672128,00:15
7,lstm_cpu,42.3,672956,00:16
7,lstm_cpu,45.9,673292,00:17
7,lstm_cpu,49.0,673868,00:18
7,lstm_cpu,51.8,674248,00:19
7,lstm_cpu,54.3,674892,00:20
7,lstm_cpu,56.6,675372,00:21
7,lstm_cpu,58.7,675624,00:22
7,lstm_cpu,60.6,676288,00:23
7,lstm_cpu,62.4,676564,00:24
7,lstm_cpu,64.0,677196,00:25
7,lstm_cpu,65.5,677680,00:26
7,lstm_cpu,66.9,678340,00:27
7,lstm_cpu,68.1,678660,00:28
7,lstm_cpu,69.3,679208,00:29
7,lstm_cpu,70.4,679652,00:30
7,lstm_cpu,71.5,680260,00:31
7,lstm_cpu,72.4,680400,00:32
7,lstm_cpu,73.4,681092,00:33
7,lstm_cpu,74.2,681352,00:34
7,lstm_cpu,75.0,681564,00:35
7,lstm_cpu,75.8,682256,00:36
7,lstm_cpu,76.4,682596,00:37
7,sarima,0.0,9088,00:00
7,sarima,126,437968,00:01
7,sarima,129,602044,00:02
7,sarima,100,650172,00:03
7,sarima,75.0,650172,00:04
7,sarima,60.1,650172,00:05
7,sarima,50.0,650172,00:06
7,sarima,42.9,650172,00:07
7,sarima,37.5,650172,00:08
7,sarima,33.4,650172,00:09
7,sarima,30.0,650172,00:10
7,sarima,27.3,650172,00:11
7,sarima,25.0,650172,00:12
7,sarima,28.0,1686844,00:13
7,sarima,40.7,676340,00:14
7,sarima,64.6,676468,00:15
7,sarima,85.4,676468,00:16
7,sarima,103,676596,00:17
7,sarima,119,676596,00:18
7,sarima,133,676596,00:19
9,cnn1d_cpu,0.0,8832,00:00
9,cnn1d_cpu,118,437840,00:01
9,cnn1d_cpu,119,594108,00:02
9,cnn1d_cpu,94.7,649404,00:03
9,cnn1d_cpu,71.1,649404,00:04
9,cnn1d_cpu,57.0,649404,00:05
9,cnn1d_cpu,47.4,649404,00:06
9,cnn1d_cpu,40.6,649404,00:07
9,cnn1d_cpu,35.5,649404,00:08
9,cnn1d_cpu,31.6,649404,00:09
9,cnn1d_cpu,28.4,649404,00:10
9,cnn1d_cpu,25.8,649404,00:11
9,cnn1d_cpu,23.7,649404,00:12
9,cnn1d_cpu,26.7,671664,00:13
9,cnn1d_cpu,32.2,673180,00:14
9,cnn1d_cpu,36.9,673444,00:15
9,cnn1d_cpu,40.9,674260,00:16
9,cnn1d_cpu,44.5,674612,00:17
9,cnn1d_cpu,47.7,675192,00:18
9,cnn1d_cpu,50.6,675656,00:19
9,cnn1d_cpu,53.2,676112,00:20
9,cnn1d_cpu,55.6,676696,00:21
9,cnn1d_cpu,57.6,676980,00:22
9,cnn1d_cpu,59.6,677724,00:23
9,cnn1d_cpu,61.4,678076,00:24
9,cnn1d_cpu,63.0,678740,00:25
9,cnn1d_cpu,64.6,679128,00:26
9,cnn1d_cpu,65.9,679636,00:27
9,cnn1d_cpu,67.3,680172,00:28
9,cnn1d_cpu,68.5,680552,00:29
9,cnn1d_cpu,69.6,681196,00:30
9,cnn1d_cpu,70.7,681656,00:31
9,cnn1d_cpu,71.7,681968,00:32
9,cnn1d_cpu,72.6,682504,00:33
9,cnn1d_cpu,73.5,682876,00:34
9,cnn1d_cpu,74.3,683368,00:35
9,cnn1d_cpu,75.1,683812,00:36
9,lstm_cpu,0.0,9728,00:00
9,lstm_cpu,127,439664,00:01
9,lstm_cpu,129,604252,00:02
9,lstm_cpu,98.6,649564,00:03
9,lstm_cpu,74.0,649564,00:04
9,lstm_cpu,59.4,649564,00:05
9,lstm_cpu,49.4,649564,00:06
9,lstm_cpu,42.3,649564,00:07
9,lstm_cpu,37.0,649564,00:08
9,lstm_cpu,32.9,649564,00:09
9,lstm_cpu,29.6,649564,00:10
9,lstm_cpu,26.9,649564,00:11
9,lstm_cpu,24.7,649564,00:12
9,lstm_cpu,28.3,670668,00:13
9,lstm_cpu,33.6,671908,00:14
9,lstm_cpu,38.2,672420,00:15
9,lstm_cpu,42.2,672864,00:16
9,lstm_cpu,45.8,673284,00:17
9,lstm_cpu,49.0,674012,00:18
9,lstm_cpu,51.8,674472,00:19
9,lstm_cpu,54.3,675172,00:20
9,lstm_cpu,56.6,675488,00:21
9,lstm_cpu,58.7,675940,00:22
9,lstm_cpu,60.7,676496,00:23
9,lstm_cpu,62.4,677004,00:24
9,lstm_cpu,64.0,677728,00:25
9,lstm_cpu,65.5,677928,00:26
9,lstm_cpu,66.9,678540,00:27
9,lstm_cpu,68.1,678828,00:28
9,lstm_cpu,69.3,679520,00:29
9,lstm_cpu,70.5,679956,00:30
9,lstm_cpu,71.5,680064,00:31
9,lstm_cpu,72.5,680792,00:32
9,lstm_cpu,73.4,681328,00:33
9,lstm_cpu,74.3,681836,00:34
9,lstm_cpu,75.1,682136,00:35
9,lstm_cpu,75.8,682592,00:36
9,sarima,0.0,8576,00:00
9,sarima,128,445028,00:01
9,sarima,129,604876,00:02
9,sarima,98.6,649932,00:03
9,sarima,74.0,649932,00:04
9,sarima,59.2,649932,00:05
9,sarima,49.3,649932,00:06
9,sarima,42.2,649932,00:07
9,sarima,37.0,649932,00:08
9,sarima,32.8,649932,00:09
9,sarima,29.6,649932,00:10
9,sarima,26.8,649932,00:11
9,sarima,24.6,649932,00:12
9,sarima,28.3,1624652,00:13
9,sarima,36.9,675188,00:14
9,sarima,60.6,676084,00:15
9,sarima,81.8,676212,00:16
9,sarima,100,676212,00:17
9,sarima,117,676212,00:18
9,sarima,131,676340,00:19
10,cnn1d_cpu,0.0,8832,00:00
10,cnn1d_cpu,126,437984,00:01
10,cnn1d_cpu,128,599264,00:02
10,cnn1d_cpu,100,649696,00:03
10,cnn1d_cpu,75.3,649696,00:04
10,cnn1d_cpu,60.3,649696,00:05
10,cnn1d_cpu,50.2,649696,00:06
10,cnn1d_cpu,43.0,649696,00:07
10,cnn1d_cpu,37.7,649696,00:08
10,cnn1d_cpu,33.5,649696,00:09
10,cnn1d_cpu,30.1,649696,00:10
10,cnn1d_cpu,27.4,649696,00:11
10,cnn1d_cpu,25.1,649696,00:12
10,cnn1d_cpu,28.2,672332,00:13
10,cnn1d_cpu,33.5,673392,00:14
10,cnn1d_cpu,38.1,673752,00:15
10,cnn1d_cpu,42.1,674536,00:16
10,cnn1d_cpu,45.8,674992,00:17
10,cnn1d_cpu,48.9,675532,00:18
10,cnn1d_cpu,51.7,676036,00:19
10,cnn1d_cpu,54.2,676540,00:20
10,cnn1d_cpu,56.5,676972,00:21
10,cnn1d_cpu,58.7,677668,00:22
10,cnn1d_cpu,60.5,677948,00:23
10,cnn1d_cpu,62.3,678340,00:24
10,cnn1d_cpu,63.8,679080,00:25
10,cnn1d_cpu,65.3,679232,00:26
10,cnn1d_cpu,66.7,680208,00:27
10,cnn1d_cpu,67.9,680420,00:28
10,cnn1d_cpu,69.1,681040,00:29
10,cnn1d_cpu,70.3,681476,00:30
10,cnn1d_cpu,71.3,682060,00:31
10,cnn1d_cpu,72.3,682344,00:32
10,cnn1d_cpu,73.2,682808,00:33
10,cnn1d_cpu,74.0,683300,00:34
10,cnn1d_cpu,74.9,683708,00:35
10,cnn1d_cpu,75.6,684296,00:36
10,lstm_cpu,0.0,9088,00:00
10,lstm_cpu,128,442720,00:01
10,lstm_cpu,128,601684,00:02
10,lstm_cpu,99.6,649428,00:03
10,lstm_cpu,74.7,649428,00:04
10,lstm_cpu,59.8,649428,00:05
10,lstm_cpu,49.8,649428,00:06
10,lstm_cpu,42.7,649428,00:07
10,lstm_cpu,37.3,649428,00:08
10,lstm_cpu,33.2,649428,00:09
10,lstm_cpu,29.9,649428,00:10
10,lstm_cpu,27.1,649428,00:11
10,lstm_cpu,24.9,649428,00:12
10,lstm_cpu,28.3,670792,00:13
10,lstm_cpu,33.6,671616,00:14
10,lstm_cpu,38.2,672052,00:15
10,lstm_cpu,42.3,672832,00:16
10,lstm_cpu,45.8,673372,00:17
10,lstm_cpu,49.0,673852,00:18
10,lstm_cpu,51.9,674292,00:19
10,lstm_cpu,54.4,674824,00:20
10,lstm_cpu,56.7,675296,00:21
10,lstm_cpu,58.8,676048,00:22
10,lstm_cpu,60.8,676404,00:23
10,lstm_cpu,62.5,676720,00:24
10,lstm_cpu,64.1,677580,00:25
10,lstm_cpu,65.6,677880,00:26
10,lstm_cpu,67.0,678360,00:27
10,lstm_cpu,68.2,678720,00:28
10,lstm_cpu,69.5,679164,00:29
10,lstm_cpu,70.6,679704,00:30
10,lstm_cpu,71.6,680084,00:31
10,lstm_cpu,72.6,680424,00:32
10,lstm_cpu,73.5,681152,00:33
10,lstm_cpu,74.3,681352,00:34
10,lstm_cpu,75.1,682140,00:35
10,lstm_cpu,75.9,682376,00:36
10,lstm_cpu,76.6,682612,00:37
10,sarima,0.0,9600,00:00
10,sarima,127,438888,00:01
10,sarima,129,601312,00:02
10,sarima,100,649440,00:03
10,sarima,75.0,649440,00:04
10,sarima,60.1,649440,00:05
10,sarima,50.0,649440,00:06
10,sarima,42.9,649440,00:07
10,sarima,37.5,649440,00:08
10,sarima,33.4,649440,00:09
10,sarima,30.0,649440,00:10
10,sarima,27.3,649440,00:11
10,sarima,25.0,649440,00:12
10,sarima,28.2,1532256,00:13
10,sarima,37.4,675396,00:14
10,sarima,61.5,675524,00:15
10,sarima,82.7,675524,00:16
10,sarima,101,675652,00:17
10,sarima,117,675652,00:18
10,sarima,132,675652,00:19
11,cnn1d_cpu,0.0,8832,00:00
11,cnn1d_cpu,125,437604,00:01
11,cnn1d_cpu,127,594144,00:02
11,cnn1d_cpu,100,649312,00:03
11,cnn1d_cpu,75.0,649312,00:04
11,cnn1d_cpu,59.9,649312,00:05
11,cnn1d_cpu,50.0,649312,00:06
11,cnn1d_cpu,42.8,649312,00:07
11,cnn1d_cpu,37.5,649312,00:08
11,cnn1d_cpu,33.3,649312,00:09
11,cnn1d_cpu,30.0,649312,00:10
11,cnn1d_cpu,27.3,649312,00:11
11,cnn1d_cpu,25.0,649312,00:12
11,cnn1d_cpu,28.1,671700,00:13
11,cnn1d_cpu,33.4,673056,00:14
11,cnn1d_cpu,38.1,673500,00:15
11,cnn1d_cpu,42.1,674260,00:16
11,cnn1d_cpu,45.6,674464,00:17
11,cnn1d_cpu,48.7,675084,00:18
11,cnn1d_cpu,51.6,675528,00:19
11,cnn1d_cpu,54.2,675868,00:20
11,cnn1d_cpu,56.4,676528,00:21
11,cnn1d_cpu,58.5,676856,00:22
11,cnn1d_cpu,60.4,677380,00:23
11,cnn1d_cpu,62.2,677804,00:24
11,cnn1d_cpu,63.8,678324,00:25
11,cnn1d_cpu,65.3,678972,00:26
11,cnn1d_cpu,66.6,679276,00:27
11,cnn1d_cpu,67.9,679924,00:28
11,cnn1d_cpu,69.1,680468,00:29
11,cnn1d_cpu,70.2,680548,00:30
11,cnn1d_cpu,71.3,681524,00:31
11,cnn1d_cpu,72.2,681604,00:32
11,cnn1d_cpu,73.1,682296,00:33
11,cnn1d_cpu,74.0,682540,00:34
11,cnn1d_cpu,74.8,682764,00:35
11,cnn1d_cpu,75.6,683584,00:36
11,cnn1d_cpu,76.3,683916,00:37
11,lstm_cpu,0.0,8832,00:00
11,lstm_cpu,127,440684,00:01
11,lstm_cpu,129,602456,00:02
11,lstm_cpu,99.6,649432,00:03
11,lstm_cpu,74.8,649432,00:04
11,lstm_cpu,60.0,649432,00:05
11,lstm_cpu,49.9,649432,00:06
11,lstm_cpu,42.7,649432,00:07
11,lstm_cpu,37.4,649432,00:08
11,lstm_cpu,33.2,649432,00:09
11,lstm_cpu,29.9,649432,00:10
11,lstm_cpu,27.2,649432,00:11
11,lstm_cpu,24.9,649432,00:12
11,lstm_cpu,28.4,670544,00:13
11,lstm_cpu,33.7,671728,00:14
11,lstm_cpu,38.3,672240,00:15
11,lstm_cpu,42.3,672892,00:16
11,lstm_cpu,45.9,673360,00:17
11,lstm_cpu,49.0,673600,00:18
11,lstm_cpu,51.9,674368,00:19
11,lstm_cpu,54.4,674908,00:20
11,lstm_cpu,56.7,675440,00:21
11,lstm_cpu,58.8,675956,00:22
11,lstm_cpu,60.7,676084,00:23
11,lstm_cpu,62.5,676652,00:24
11,lstm_cpu,64.1,677532,00:25
11,lstm_cpu,65.6,677768,00:26
11,lstm_cpu,67.0,678308,00:27
11,lstm_cpu,68.3,678668,00:28
11,lstm_cpu,69.4,679212,00:29
11,lstm_cpu,70.6,679704,00:30
11,lstm_cpu,71.6,680292,00:31
11,lstm_cpu,72.6,680592,00:32
11,lstm_cpu,73.5,681092,00:33
11,lstm_cpu,74.3,681656,00:34
11,lstm_cpu,75.2,682068,00:35
11,lstm_cpu,75.9,682456,00:36
11,sarima,0.0,9088,00:00
11,sarima,128,441320,00:01
11,sarima,129,602592,00:02
11,sarima,100,649824,00:03
11,sarima,75.0,649824,00:04
11,sarima,60.0,649824,00:05
11,sarima,49.9,649824,00:06
11,sarima,42.7,649824,00:07
11,sarima,37.4,649824,00:08
11,sarima,33.2,649824,00:09
11,sarima,29.9,649824,00:10
11,sarima,27.2,649824,00:11
11,sarima,24.9,649824,00:12
11,sarima,28.3,1642464,00:13
11,sarima,40.1,675984,00:14
11,sarima,64.1,676112,00:15
11,sarima,85.1,676112,00:16
11,sarima,103,676240,00:17
11,sarima,119,676240,00:18
11,sarima,130,676240,00:19
12,cnn1d_cpu,0.0,8832,00:00
12,cnn1d_cpu,128,437728,00:01
12,cnn1d_cpu,128,601820,00:02
12,cnn1d_cpu,100,649436,00:03
12,cnn1d_cpu,75.2,649436,00:04
12,cnn1d_cpu,60.1,649436,00:05
12,cnn1d_cpu,50.1,649436,00:06
12,cnn1d_cpu,42.9,649436,00:07
12,cnn1d_cpu,37.6,649436,00:08
12,cnn1d_cpu,33.4,649436,00:09
12,cnn1d_cpu,30.0,649436,00:10
12,cnn1d_cpu,27.3,649436,00:11
12,cnn1d_cpu,25.0,649436,00:12
12,cnn1d_cpu,28.3,672076,00:13
12,cnn1d_cpu,33.6,673276,00:14
12,cnn1d_cpu,38.3,673656,00:15
12,cnn1d_cpu,42.2,674308,00:16
12,cnn1d_cpu,45.8,674816,00:17
12,cnn1d_cpu,48.9,675504,00:18
12,cnn1d_cpu,51.7,676064,00:19
12,cnn1d_cpu,54.2,676312,00:20
12,cnn1d_cpu,56.5,676812,00:21
12,cnn1d_cpu,58.6,677168,00:22
12,cnn1d_cpu,60.5,677832,00:23
12,cnn1d_cpu,62.3,678268,00:24
12,cnn1d_cpu,63.9,678700,00:25
12,cnn1d_cpu,65.4,679228,00:26
12,cnn1d_cpu,66.8,679692,00:27
12,cnn1d_cpu,68.0,680144,00:28
12,cnn1d_cpu,69.2,680740,00:29
12,cnn1d_cpu,70.3,681316,00:30
12,cnn1d_cpu,71.4,681520,00:31
12,cnn1d_cpu,72.4,682020,00:32
12,cnn1d_cpu,73.3,682532,00:33
12,cnn1d_cpu,74.1,683104,00:34
12,cnn1d_cpu,75.0,683436,00:35
12,cnn1d_cpu,75.7,684016,00:36
12,lstm_cpu,0.0,8832,00:00
12,lstm_cpu,127,438632,00:01
12,lstm_cpu,129,601432,00:02
12,lstm_cpu,100,649560,00:03
12,lstm_cpu,75.0,649560,00:04
12,lstm_cpu,60.1,649560,00:05
12,lstm_cpu,50.0,649560,00:06
12,lstm_cpu,42.9,649560,00:07
12,lstm_cpu,37.5,649560,00:08
12,lstm_cpu,33.4,649560,00:09
12,lstm_cpu,30.0,649560,00:10
12,lstm_cpu,27.3,649560,00:11
12,lstm_cpu,25.0,649560,00:12
12,lstm_cpu,28.3,670528,00:13
12,lstm_cpu,33.7,671624,00:14
12,lstm_cpu,38.3,672224,00:15
12,lstm_cpu,42.3,672892,00:16
12,lstm_cpu,45.9,673292,00:17
12,lstm_cpu,49.0,673872,00:18
12,lstm_cpu,51.8,674344,00:19
12,lstm_cpu,54.4,675000,00:20
12,lstm_cpu,56.7,675208,00:21
12,lstm_cpu,58.8,675740,00:22
12,lstm_cpu,60.7,676332,00:23
12,lstm_cpu,62.5,676764,00:24
12,lstm_cpu,64.1,677636,00:25
12,lstm_cpu,65.5,677788,00:26
12,lstm_cpu,66.9,678444,00:27
12,lstm_cpu,68.2,678868,00:28
12,lstm_cpu,69.4,679124,00:29
12,lstm_cpu,70.5,679700,00:30
12,lstm_cpu,71.5,680128,00:31
12,lstm_cpu,72.5,680516,00:32
12,lstm_cpu,73.4,681124,00:33
12,lstm_cpu,74.3,681428,00:34
12,lstm_cpu,75.1,682020,00:35
12,lstm_cpu,75.9,682496,00:36
12,lstm_cpu,76.5,682712,00:37
12,sarima,0.0,9088,00:00
12,sarima,128,437988,00:01
12,sarima,128,601052,00:02
12,sarima,100,649564,00:03
12,sarima,75.3,649564,00:04
12,sarima,60.3,649564,00:05
12,sarima,50.2,649564,00:06
12,sarima,43.0,649564,00:07
12,sarima,37.7,649564,00:08
12,sarima,33.5,649564,00:09
12,sarima,30.1,649564,00:10
12,sarima,27.4,649564,00:11
12,sarima,25.1,649564,00:12
12,sarima,28.1,1581916,00:13
12,sarima,39.9,675676,00:14
12,sarima,63.9,675804,00:15
12,sarima,84.8,675932,00:16
12,sarima,103,675932,00:17
12,sarima,119,675932,00:18
12,sarima,131,675932,00:19
13,cnn1d_cpu,0.0,9088,00:00
13,cnn1d_cpu,127,437852,00:01
13,cnn1d_cpu,128,601168,00:02
13,cnn1d_cpu,100,650064,00:03
13,cnn1d_cpu,75.3,650064,00:04
13,cnn1d_cpu,60.3,650064,00:05
13,cnn1d_cpu,50.2,650064,00:06
13,cnn1d_cpu,43.0,650064,00:07
13,cnn1d_cpu,37.7,650064,00:08
13,cnn1d_cpu,33.5,650064,00:09
13,cnn1d_cpu,30.1,650064,00:10
13,cnn1d_cpu,27.4,650064,00:11
13,cnn1d_cpu,25.1,650064,00:12
13,cnn1d_cpu,28.3,672696,00:13
13,cnn1d_cpu,33.6,673928,00:14
13,cnn1d_cpu,38.2,674300,00:15
13,cnn1d_cpu,42.2,674956,00:16
13,cnn1d_cpu,45.8,675436,00:17
13,cnn1d_cpu,48.9,676144,00:18
13,cnn1d_cpu,51.7,676512,00:19
13,cnn1d_cpu,54.3,677004,00:20
13,cnn1d_cpu,56.6,677376,00:21
13,cnn1d_cpu,58.7,678036,00:22
13,cnn1d_cpu,60.6,678592,00:23
13,cnn1d_cpu,62.3,679004,00:24
13,cnn1d_cpu,63.9,679312,00:25
13,cnn1d_cpu,65.4,679996,00:26
13,cnn1d_cpu,66.8,680408,00:27
13,cnn1d_cpu,68.0,680940,00:28
13,cnn1d_cpu,69.2,681436,00:29
13,cnn1d_cpu,70.3,682016,00:30
13,cnn1d_cpu,71.4,682436,00:31
13,cnn1d_cpu,72.3,682700,00:32
13,cnn1d_cpu,73.2,683472,00:33
13,cnn1d_cpu,74.1,683840,00:34
13,cnn1d_cpu,74.9,684320,00:35
13,cnn1d_cpu,75.6,684700,00:36
13,lstm_cpu,0.0,9088,00:00
13,lstm_cpu,128,441444,00:01
13,lstm_cpu,129,603876,00:02
13,lstm_cpu,99.3,649316,00:03
13,lstm_cpu,74.5,649316,00:04
13,lstm_cpu,59.6,649316,00:05
13,lstm_cpu,49.6,649316,00:06
13,lstm_cpu,42.5,649316,00:07
13,lstm_cpu,37.2,649316,00:08
13,lstm_cpu,33.1,649316,00:09
13,lstm_cpu,29.8,649316,00:10
13,lstm_cpu,27.0,649316,00:11
13,lstm_cpu,24.8,649316,00:12
13,lstm_cpu,28.4,670416,00:13
13,lstm_cpu,33.8,671368,00:14
13,lstm_cpu,38.4,671948,00:15
13,lstm_cpu,42.4,672572,00:16
13,lstm_cpu,46.0,672876,00:17
13,lstm_cpu,49.1,673680,00:18
13,lstm_cpu,52.0,674100,00:19
13,lstm_cpu,54.5,674664,00:20
13,lstm_cpu,56.8,675008,00:21
13,lstm_cpu,58.9,675668,00:22
13,lstm_cpu,60.8,676140,00:23
13,lstm_cpu,62.5,676620,00:24
13,lstm_cpu,64.2,677428,00:25
13,lstm_cpu,65.6,677436,00:26
13,lstm_cpu,67.0,678128,00:27
13,lstm_cpu,68.2,678556,00:28
13,lstm_cpu,69.5,679116,00:29
13,lstm_cpu,70.6,679540,00:30
13,lstm_cpu,71.6,679904,00:31
13,lstm_cpu,72.6,680572,00:32
13,lstm_cpu,73.5,680804,00:33
13,lstm_cpu,74.4,681540,00:34
13,lstm_cpu,75.2,681808,00:35
13,lstm_cpu,76.0,682216,00:36
13,sarima,0.0,8576,00:00
13,sarima,128,437572,00:01
13,sarima,129,601016,00:02
13,sarima,100,649400,00:03
13,sarima,75.4,649400,00:04
13,sarima,60.3,649400,00:05
13,sarima,50.3,649400,00:06
13,sarima,43.1,649400,00:07
13,sarima,37.7,649400,00:08
13,sarima,33.5,649400,00:09
13,sarima,30.1,649400,00:10
13,sarima,27.4,649400,00:11
13,sarima,25.1,649400,00:12
13,sarima,28.2,1571384,00:13
13,sarima,40.2,675712,00:14
13,sarima,64.2,675840,00:15
13,sarima,85.1,675840,00:16
13,sarima,103,675968,00:17
13,sarima,120,675968,00:18
13,sarima,131,675968,00:19
14,cnn1d_cpu,0.0,1616,00:00
14,cnn1d_cpu,121,423272,00:01
14,cnn1d_cpu,108,561888,00:02
14,cnn1d_cpu,102,649568,00:03
14,cnn1d_cpu,76.7,649568,00:04
14,cnn1d_cpu,61.3,649568,00:05
14,cnn1d_cpu,51.1,649568,00:06
14,cnn1d_cpu,43.7,649568,00:07
14,cnn1d_cpu,38.3,649568,00:08
14,cnn1d_cpu,34.0,649568,00:09
14,cnn1d_cpu,30.6,649568,00:10
14,cnn1d_cpu,27.8,649568,00:11
14,cnn1d_cpu,25.5,649568,00:12
14,cnn1d_cpu,26.9,671968,00:13
14,cnn1d_cpu,32.4,672876,00:14
14,cnn1d_cpu,37.0,673652,00:15
14,cnn1d_cpu,41.1,674068,00:16
14,cnn1d_cpu,44.7,674420,00:17
14,cnn1d_cpu,47.9,674996,00:18
14,cnn1d_cpu,50.8,675728,00:19
14,cnn1d_cpu,53.4,676160,00:20
14,cnn1d_cpu,55.7,676656,00:21
14,cnn1d_cpu,57.8,677220,00:22
14,cnn1d_cpu,59.8,677504,00:23
14,cnn1d_cpu,61.6,677960,00:24
14,cnn1d_cpu,63.2,678404,00:25
14,cnn1d_cpu,64.7,678964,00:26
14,cnn1d_cpu,66.1,679532,00:27
14,cnn1d_cpu,67.4,680120,00:28
14,cnn1d_cpu,68.6,680612,00:29
14,cnn1d_cpu,69.7,680892,00:30
14,cnn1d_cpu,70.8,681460,00:31
14,cnn1d_cpu,71.7,681860,00:32
14,cnn1d_cpu,72.7,682424,00:33
14,cnn1d_cpu,73.6,682828,00:34
14,cnn1d_cpu,74.4,683320,00:35
14,cnn1d_cpu,75.2,683808,00:36
14,lstm_cpu,0.0,8704,00:00
14,lstm_cpu,127,440676,00:01
14,lstm_cpu,129,602072,00:02
14,lstm_cpu,99.6,649560,00:03
14,lstm_cpu,74.8,649560,00:04
14,lstm_cpu,60.0,649560,00:05
14,lstm_cpu,49.9,649560,00:06
14,lstm_cpu,42.7,649560,00:07
14,lstm_cpu,37.4,649560,00:08
14,lstm_cpu,33.2,649560,00:09
14,lstm_cpu,29.9,649560,00:10
14,lstm_cpu,27.2,649560,00:11
14,lstm_cpu,24.9,649560,00:12
14,lstm_cpu,28.3,670408,00:13
14,lstm_cpu,33.6,671732,00:14
14,lstm_cpu,38.3,672040,00:15
14,lstm_cpu,42.3,672832,00:16
14,lstm_cpu,45.8,673128,00:17
14,lstm_cpu,49.0,673540,00:18
14,lstm_cpu,51.9,674240,00:19
14,lstm_cpu,54.4,674468,00:20
14,lstm_cpu,56.7,675168,00:21
14,lstm_cpu,58.8,675660,00:22
14,lstm_cpu,60.7,676080,00:23
14,lstm_cpu,62.4,676640,00:24
14,lstm_cpu,64.1,677068,00:25
14,lstm_cpu,65.5,677732,00:26
14,lstm_cpu,66.9,678124,00:27
14,lstm_cpu,68.2,678300,00:28
14,lstm_cpu,69.3,678996,00:29
14,lstm_cpu,70.5,679368,00:30
14,lstm_cpu,71.5,679784,00:31
14,lstm_cpu,72.5,680184,00:32
14,lstm_cpu,73.4,680476,00:33
14,lstm_cpu,74.3,680180,00:34
14,lstm_cpu,75.1,681904,00:35
14,lstm_cpu,75.8,682252,00:36
14,lstm_cpu,76.5,682748,00:37
14,sarima,0.0,8832,00:00
14,sarima,128,438000,00:01
14,sarima,128,601176,00:02
14,sarima,100,650200,00:03
14,sarima,75.3,650200,00:04
14,sarima,60.3,650200,00:05
14,sarima,50.2,650200,00:06
14,sarima,43.0,650200,00:07
14,sarima,37.7,650200,00:08
14,sarima,33.5,650200,00:09
14,sarima,30.1,650200,00:10
14,sarima,27.4,650200,00:11
14,sarima,25.1,650200,00:12
14,sarima,28.1,1688408,00:13
14,sarima,42.0,676200,00:14
14,sarima,65.9,676328,00:15
14,sarima,86.7,676328,00:16
14,sarima,105,676456,00:17
14,sarima,121,676456,00:18
14,sarima,133,676456,00:19
